site,access,slope_aspect_description,installation_date,elevation,country,start_time,end_time,latitude,longitude,max_depth,area,landmark,soil_type,vegetation,nearest_hubs,field_notes,,,,
A19-1,NA,Flat,2017-09-26,38.1,USA,2017-09-28,2018-08-17,70.19361,-161.08122,1.5,Wainwright 35 nm,Kasegaluk,Estimate 4 inch fine gravel fill over EPS insulation board over organic mat and frozen silty soil.,"Moss, lichen, grass - Tussock Tundra.",Wainwright 35 nm,Site on coastal plain and located at west end of abandoned 5000 feet airfield that includes a 3 acre apron and access road out to an abandoned drill site. Airfield appears to be utilized by light aircraft fitted for off field landing. Located IRIS site on north edge of airfield fill. Line of sight clear all directions. LZ at site. Good drainage. Drilling for installation will be through pad of fine gravel fill foam board insulation and into native frozen silt and organic silt. National Petroleum Reserve - Alaska.,,,,
A22-2,Helicopter,Flat,2017-08-17,2.1,USA,2017-08-20,2018-08-17,71.0033,-154.9742,1.5,Barrow 39 nm,Sinclair Lake,Frozen organic material silt sand and possible fine gravel at depth.,"Moss, Lichen, Grass - Tundra.",Barrow 39 nm,Site on slight elevated ridge (likely an ancient shoreline). Line of sight clear all directions. Fair drainage and fair footing. National Petroleum Reserve - Alaska.,,,,
B18K-1,Helicopter,3 degrees to NW,2017-09-27,243,USA,2017-09-29,2018-08-17,69.36416,-161.80172,1.13,North Slope,Kokolik,fractured sandstone,tundra,Wainwright 85 nm,Site is on broad NW trending and gently sloping ridge descdending from hills toward coastlal plain. Line of sight clear all directions.Good drainage and good footing. National Pretroluem Reserve - Alaska,,,,
B20K-1,Helicopter,NA,2017-08-11,240,USA,2017-08-18,2018-08-20,70.00832,-157.15944,1.22,"Barrow 77 nm, Wainwright 69 nm",NA,Silt permafrost,Tussock with no brush.,"Barrow 77 nm, Wainwright 69 nm",Functional site in lowlands with minimal relief. Meade river 1.5 mi east. Line of sight clear in all directions. Typical tundra. National Petroleum Reserve - Alaska,,,,
B21K-1,Helicopter,Lumpy ground surface at crest of relic sand dune,2017-08-14,96,USA,2017-08-14,2018-08-16,69.62113,-154.61274,1.5,Barrow 109 nm,Koluktak,Fine stilty sand; permafrost at depth,"Moss, lichen, low dwarf birch.",Barrow 109 nm,"lowlands with minimal relief,  good drainage and adequate footing; line of sight clear in all directions; National Petroleum Reserve - Alaska",,,,
B22K-1,Helicopter,Flat,2017-08-11,52,USA,2017-08-11,2018-08-16,70.340003,-153.41952,1.5,Barrow 87 nm; Umait 63 nm,NA,Frozen fine sand,"Moss, lichen, grass - Dry Tundra.",Barrow 87 nm; Umait 63 nm,Good site on slight elevated ridge assoicated with sand dune; line of sight clear all directions; good drainage and good footing; National Petroleum Reserve - Alaska,,,,
 C16K-1,Helicopter,2-3 degrees to S,2017-08-26,107,USA,2017-08-27,2018-07-20,68.27547,-165.3463,1.5,Noatak 70 nm; Kotzebue 104 nm,NA,Thin layer regolith over highly weather low grade siltstone and grewywacke,Sparse lichen and moss.,Noatak 70 nm; Kotzebue 104 nm,Site is 3 mi NW of Sakolik Mt. and 2 mi NE kupuk river in the South Maktak Hills. Elevation is 200 feet above the river. Line of sight clear except to North. LZ at site. Good drainage and good footing.,,,,
 C17K-1,Helicopter,Nearly level area on crest of ridge.,2017-08-27,488,USA,2017-08-28,2018-08-18,68.47557,-163.17784,1.5,Noatak 55 nm.,Kukpowruk River,Gravel on surface. Likely highly weather siltstone at depth.,Lichen and moss amongst shattered rock.,Noatak 55 nm.,NA,,,,
 C18K-1,Helicopter,Nearly level area on crest of ridge.,2017-08-27,853,USA,2017-08-29,2017-09-21,68.64834,-161.19424,1.37,"Hotzebue 100 nm, Noatak 77 nm, Pont Lay 77 nm",Utukok River,Sandstone and siltstone - bedrock highly fractured and broken at surface,Lichen and moss amongst shattered rock - little or no soil at surface.,"Hotzebue 100 nm, Noatak 77 nm, Pont Lay 77 nm",Good site on crest of broad and high ridge. Line of sight clear in all directions. Good drainage.  National Petroleum Reserve - Alaska.,,,,
 C19K-1,Helicopter,Nearly level area on crest of ridge. Steep slope to north and south,2017-08-29,747,USA,2017-08-30,2018-07-23,69.1049,-159.58732,1.3,"Wainwright 93 nm, Barrow 145 nm, Kotzebue 150 nm",NA,Hornfels - bedrock highly fractured and broken at surface.,Lichen and moss amongst shattered rock - highly fractured and broken bedrock.,"Wainwright 93 nm, Barrow 145 nm, Kotzebue 150 nm",Good site on north rim of Lookout Ridge (landmark name); line of sight clear in all directions. Highest topographic feature in the area.,,,,
 C21K-1,Fixed wing; existing airstrip at site is useable with caution,5 degrees slope to SW,2017-08-17,408,USA,2017-08-16,2018-07-15,69.15654,-154.78323,1.22,Ivotuk 46nm,Knifeblade ridge,Bedrock sandstone highly fractured and broken,Moss and lichen - high tundra.,Ivotuk 46nm,Site at west end of old airfield formally used to support oilfield exploration - strip still used rarely by light aircraft. Good drainage. National Petroleum Reserve - Alaska.,,,,
C24K-1,Highway vehicle,Flat aspect,NA,115,USA,2016-05-13,2018-03-10,69.71997,-148.70093,0.55,North Slope,Deadhorse,gravel pad,No Vegetation,Deadhorse 30 nm North,Site at NE corner of existing abandoned portion of work pad. Accessed directly from Dalton Hwy into active parking and equipment staging area. Site is 300 ft from current active use area. Line of sight clear all directions. LZ at site. Good drainage and good footing. No evidence of monitoring or data collection equipment located on the site. Land ownership by entitlement to North Slope Borough,,,,
C26K-1,"Helicopter, possibly by snow machine out of Pt. Thomas",NA,2016-06-24,139,USA,2016-06-24,2018-04-01,69.91752,-144.91223,1.2,North Slope,Deadhorse,sandy gravel,No Vegetation,"Deadhorse 72 nm North, Pt Thompson 31 nm, Kavik 44 nm",NA,,,,
C27K-1,Helicopter,NA,NA,392,USA,2016-06-23,2021-03-27,69.62601,-143.71135,0.7,ANWR,Jago River,sandy gravel,No Vegetation,Kaktovik 35 mi to north,NA,,,,
 D19K-2,Helicopter.,1-2 degrees North,2017-08-18,671,USA,2017-08-19,2017-10-06,68.49457,-158.11054,0.86,Ivotuk 53 nm.,Kuna ,Metamorphic Hornfels - highly fractured and broken at surface.,Vegetation: Lichen and moss amongst cobble and boulders. ,"Umait 40 nm, Galbraith 39 nm, Happy Valley 42 nm",Special Notes: All sensors removed by bear 10/7/17 ; subsequent data removed.,,,,
 D20K-2,Helicopter.,Level pad area at crest of knoll,2017-08-18,580,USA,2017-08-18,2018-08-20,68.71354,-156.61324,1.5,Ivotuk 24 nm,Smith Mtn,"Bedrock of Sandstone - highly fractured and broken, platey.",Sparse moss and lichen.,Ivotuk 53 nm.,Special Note: Sensor 1 failure 2018-06-23.,,,,
D22K-2,Helicopter + Possible access by snowmachine out of Umait,Level pad,2017-08-17,549,USA,2017-08-17,2019-06-04,68.87988,-152.68207,1.5,North Slope,Ayiyak River,cobble conglomerate,No Vegetation,Ivotuk 24 nm,NA,,,,
D23K-1,Helicopter/Fixed wing also possible,Level on ridge crest,2016-09-16,396,USA,2016-09-01,2018-05-18,68.9656,-150.68092,0.55,North Slope,Nanashuk,fractured sandstone,Birch-Willow Low Shrub,Umiat 32 nm,NA,,,,
D23K-1,Helicopter,Level on ridge crest,2016-09-16,396,USA,2016-06-21,2018-05-18,68.9656,-150.68092,0.55,North Slope,Nanashuk,fractured sandstone,Birch-Willow Low Shrub,"Umiat 40 nm, Galbraith 39 nm, Happy Valley 42 nm",NA,,,,
E17K-1,Helicopter,NA,NA,233,USA,2017-07-28,2018-08-11,67.08194,-161.08194,1.02,NW Arctic,Kotzebue,weathered limestone,No Vegetation,Kotzebue 30 mi west,On barren nose of west trending ridge. Rock outcrop 150' to west. 2 miles north of Hotham Inlet. 30 mi west to Kotzebue. Excellent drainage and good footing,,,,
E18K-1,Helicopter,Site nearly level but steep off sides of ridge to north and south (cliff dropoff),2017-07-29,299,USA,2017-07-29,2018-08-19,67.42081,-160.59803,1.5,North Slope,Omar River,weathered calcl schist ,Tundra,Kotzebue 57 nm west,NA,,,,
E20K-1,Helicopter,5-degree slope,2017-08-16,725,USA,2017-08-17,2018-09-17,68.10339,-155.10339,1.22,North Slope,Nigu River,sandy gravel,Birch-Willow Low Shrub,Ivotuk 23 nm,NA,,,,
E24K-1,Helicopter,NA,NA,847,USA,2016-06-29,2017-10-05,68.07476,-148.48683,0.65,Brooks Range,Your Creek,fractured amphibolite,Sparse lichen and moss.,Chandalar 45 nm SSW,Site is on step bench of east sloping Mtn. Rugged rock outcrops in vicinity. Excellent draiange and good footing,,,,
E27K-1,Helicopter,Slope with line of ridge appears to be <10 degrees,NA,654,USA,2016-07-13,2018-08-21,68.1862,-141.59575,1.36,Yukon ,Bilwaddy creek,Rock type not verified,Sparse lichen and moss.,Arctic village 82 nw west,Site is on nose of barren south trending ridge. Suitable area for drill and hut setup. Helipad adjacent to site. Rock outcrops in vicinity and at site. Good south exposure. 2 mi SW west of Bilwaddy Creek. Excellent drainage and good footing. Arctic NWR,,,,
F17K-1,Helicopter,5-15 degree slope in all directions,NA,51,USA,2017-07-27,2019-04-03,66.44197,-161.25021,1.5,NW Arctic,Baldwin Peninsula,gravel silt,No Vegetation,Kotzebue 45 mi NW,NA,,,,
F18K-1,Helicopter,"103 degree slope, all diredtions",NA,27,USA,2017-07-26,2019-05-17,66.60015,-159.65154,1.46,NW Arctic,Selawik,yedoma,Tundra,otzebue 75 mi WNW,Site on prominent knoll above flats. 1.2 mi west of Chandalar River and 1/4 mi north of Bearman Lake. Lake suitable for floatplane with short easy hike to site. Good LZ and excellent site area with good drainage and footing. Recommend clearing LZ on knoll as meadow may seasonally flood. Good options for installation. Yukon Flats NWR,,,,
 F19K-1,Helicopter,0,2017-07-23,61,USA,2017-07-23,2017-08-17,66.88504,-157.15378,1.5,Dahl Creek 7 nm ENE,Shungnak,Silt at surface. Sand and fine gravel. Possible frozen.,Low scrub brush with trees only a few meteres away. Trees are >5-10 meters.,Dahl Creek 7 nm ENE,Excellent drainage and good footing. Land owner/manager: BLM,,,,
F24K-1,Helicopter,NA,NA,736,USA,2016-06-29,2018-06-27,67.51893,-147.88715,1.2,Yukon Flats,Chandalar,fractured granite ,Birch-Willow Low Shrub,Chandalar 14nm,Site is on step bench on east sloping mountainside. Timber is sparse and meadow to north for LZ. Helipad adjacent to site. Rugged Rock outcrops in vicinity.  Good south exposure. Excellent drainage and good footing. State of AK land,,,,
F25K-2,Helicopter,NA,NA,864,USA,2016-07-16,2018-07-17,67.59326,-145.64281,0.69,Yukon Flats,Fort Yukon 61nm Arctic Village 32 nm,blocky chert,Sparse lichen and moss ,Chandalar 14nm,Site is on crest of rolling northeast trending ridgeline that is characterized by knolls and occasional ragged outcrops. Location is at broad open nearly flat top knoll. Helipad adjacent to site. Rugged Rock outcrops in vicinity. Christian River 2mi south and 2 mi NE. Excellent drainage and good footing. Native-local land management,,,,
F26K-2,Helicopter,Appears to be 2-10 degreees,NA,683,USA,2016-07-31,2018-07-31,67.69624,-144.13603,0.07,Yukon Flats,Sheenjek,fractured rock,Sparse lichen and moss ,Fort Yukon 72 nm SSW,Site is on mostly barren southeast trending ridge. Helipad adjacent to site. Rock outcrops in vicinity and at site. Good site with limited shelter from wind. Good south exposure. 3 mi. SSE of Helmet Mt. and 2 mi NW of Sheenjek River. Excellent drainage and good footing. Arctic NWR. Land manager: FWS,,,,
G17K-3,Helicopter,NA,NA,338,USA,2017-07-12,2018-08-23,65.67562,-160.61835,1.05,NW Arctic,Buckland River,weathered bedrock,"Tussock, spruce", Unalakleet,Located on crest of grade break between tundra and river bluff. BLM land,,,,
G25K-2,Helicopter,Nearly flat top knoll sloping 5-20 degreesto surrounding terrain,NA,146,USA,2016-07-17,2018-05-24,66.76534,-146.10143,1.5,Yukon,Bearman lake,"Loess, sandy gravely",Spruce-Willow Low Shrub,Fort Yukon 23 nm ESE,Site on prominent knoll above flats. 1.2 mi west of Chandalar River and 1/4 mi north of Bearman Lake. Lake suitable for floatplane with short easy hike to site. Good LZ and excellent site area with good drainage and footing. Recommend clearing LZ on knoll as meadow may seasonally flood. Good options for installation. Yukon Flats NWR,,,,Site on prominent knoll above flats. 1.2 mi west of Chandalar River and 1/4 mi north of Bearman Lake. Lake suitable for floatplane with short easy hike to site. Good LZ and excellent site area with good drainage and footing. Recommend clearing LZ on knoll as meadow may seasonally flood.
G26K-2,Helicopter,NA,NA,180,USA,2016-07-22,2018-07-08,66.94923,-143.78672,1.5,Yukon,Shyman,loess sandy gravel,Recent burned forest,Fort Yukon 40 nm WSW,Good options for installation. Yukon Flats NWR.,,,,
G27K-3,Fixed wing,NA,NA,686,USA,2016-07-23,2018-08-02,66.80887,-141.65462,1.5,Yukon,Doyon #3,loess on limestone,Spruce-Willow Low Shrub,Fort Yukon 80 nm WSW,"Site on prominent East trending ridge above hilly terrain. Location is at existing abandoned C130 capable airstrip and drill pad. Developed to support drilling exploration well Doyon #3. Road system connects well-site rock quarry, staging area and airfield. Site for installation is at high point adjacent to south side of airfield at west end. Good LZ and excellent site area with good drainage and footing. Some brushing required to make a portion a of strip usable for light aircraft. Native-region land management",,,,
H17K-1,Helicopter,Sloping away in all directions,NA,396,USA,2017-07-11,2019-06-29,64.93706,-159.93706,1,Norton Bay,Ungalik River,shallow bedrock,Tundra,Unalakleet,Located on ridge spine above River. Numerous rock outcrops along crest. Terrain typical of region. BLM land,,,,
H19K-2,Helicopter,Slight E slope,NA,107,USA,2017-06-13,2019-05-11,65.52765,-156.4496,1.05,Yukon-Koyukuk,Roundaboat Mt,Fine soil,"Spruce, young scattered birch",Galena,Located in small opening in old burn on low rounded ridge between Koyukuk River and Roundabout mt. LZ located to immediate south. Site located on Doyon owned land inside Koyukuk NWR,,,,
I17K-1,NA,NA,NA,105,USA,2017-06-07,2019-04-16,63.88636,-160.69498,1.05,Norton Sound,Unalakleet,None,Upland spruce,2 miles from Unalakleet (coastal) village,NA,,,,
J14K-1,Helicopter,NA,NA,25,USA,2017-05-30,2019-04-15,62.74919,-163.5539,0.57,Yukon Delta,Nanvaranak lake,permafrost,Tundra,Bethel,Located on small upland area in flats. Specifically located near edge of 30 ft south facing bank. Land FWS,,,,
J18K-4,Helicopter,NA,NA,506,USA,2017-06-02,2019-05-22,63.46492,-156.71567,1.5,Interior ,McGrath,weathered bedrock,Scattered caribou moss,McGrath,"Located on flat portion of SSW trending ridge. High and exposed.  Located SE of preferred 20km radius due to Innoko Wildlife Refuge. Expect to be windblown through much of winter due to high, exposed location. State Land",,,,
K13-1,Helicopter,5 degrees,2017-05-31,204,USA,2017-05-31,2017-07-28,61.9331,-164.65553,1.14,Bethel,Ulokat Hills,weathered mineral soil at surface. Bedrock expected at shallow depth,Low Tundra.,Bethel,Special Note: on 7/18/17 (6pm) all four sensors failed/showed erratic behavior beyond theoretical limit (-20 +90 in same day). All data after 7/18 was removed.,,,,
K15K-1,Helicopter,10-degrees south slope,NA,346,USA,2017-05-29,2019-05-27,62.29372,-161.53092,0.81,Yukon Delta,Rolling Hills,sedimentary bedrock,Scattered caribou moss,Bethel,Located in Rolling Hills to east of Yukon Delta NWR. Site is on top of bedrock outcrop on crest of low ridge. Appears to be near border of BLM and state land,,,,
L14K-1,Helicopter,NA,NA,41,USA,2017-05-27,2019-05-26,61.34151,-162.68264,1.91,Yukon Delta,Bethel,permafrost,Tundra,Bethel,Slightly elevated dry location in Yukon Delta flats,,,,
L15K-1,Helicopter,NA,NA,219,USA,2017-05-29,2019-03-02,61.67795,-161.48679,0.66,Yukon Delta,Ungalak Mt ,weathered sedimentary rock,Tundra,Bethel,Rocky knob on east flank of mountain overlooking Yukon River. Just inside BLM boundary. SE view blocked by adjacent higher ridge,,,,
L16K-1,Helicopter,8-degrees to SE,NA,227,USA,2017-05-14,2019-05-21,61.70993,-159.47522,0.81,Kuskokwin River,Owhat river,broken rock,No Vegetation,Aniak,Rocky knob on ridgeline 10 mi north of Aniak,,,,
 L17K-1,Helicopter,Slight 1-degree slope in all directions away from site,NA,283,USA,2017-05-14,2018-04-20,62.134431,-158.29729,1.5,MgGrath with possible staging at Donlin.,Flat Creek,Exposed intrusive bedrock. Appeared to be competent at shallow depth.,Tundra,MgGrath with possible staging at Donlin.,NA,,,,
M13K-1,Helicopter,Flat,NA,9,USA,2017-05-23,2018-11-03,60.41322,-163.34988,0.48,Kuskokwin River,East side of Dall Lake,permafrost ,Tundra,Bethel,Located on east side of Dall Lake on slight topographic high. Bethel village land,,,,
M14K-1,Helicopter,"5 degrees, S-SE",NA,19,USA,2017-05-22,2019-03-14,60.72846,-161.97611,0.52,Kuskokwin River,Powerline,permafrost,Grassy tundra,Bethel,Located on power line between Bethel and Napakiak. Possible location for power drop. Native-local lands,,,,
M15K-1,Helicopter,Flat,NA,210,USA,2017-05-21,2018-10-19,60.85996,-160.72123,1.17,Kuskokwin River,Lone spruce,permafrost,Tundra,Bethel,Located on NW shore of small lake to the west of a lone clump of trees. In Yukon Delta NWR. Near grid center. Land FWS,,,,
M16K-2,Helicopter,Flat,NA,394,USA,2017-05-12,2019-03-19,61.0223,-158.95938,0.56,Kuskokwin River,Timber creek,bedrock ,Tundra,Aniak,Located on ridge line south of Timber Creek. Chosen in part due to relative spacing from M17K. State of Alaska land,,,,
M17K-2,Helicopter,NA,NA,387,USA,2017-05-08,2019-04-03,61.40089,-157.437598,1.17,Kuskokwin River,Itulikik,regolith and fractured siltstone,Tundra,NA,Located on ridge line south of Timber Creek. Chosen in part due to relative spacing from M17K. State of Alaska land,,,,
M18K-5,"Helicopter or fixed wing (otter, beaver). airstrip 1000 ft useable.Lake is 2500 ft",NA,NA,289,USA,2017-05-09,2019-05-17,61.564,-156.22818,1.13,Kuskokwin River,Stoney River Lodge,culluvial deposit and silty gravel,Light brush (regrowth) ,"Mcgrath, Aniak or Big River",Location is cleared area on north side of existing airstrip and lawn. Some light brush clearing will be required to get installation off of pvc well in lawn area. Owner was onsite and discussed suitable locations. Site is on a bluff,,,,
N17K-3,Helicopter,NA,NA,350,USA,2017-05-13,2019-04-22,60.52688,-157.18669,1.12,Lake and Peninsula,Chichtinok River,regolith and slatey bedrock,"Moss, lichen", Iliamna,"Crest of knoll on ne-sw trending ridge. Broad nearly level surface. At treeline. Area is predominately kuskokwim group sedimentary rock, med to coarse broken. View to SE, S & W is clear. Mountains block view to north and east",,,,
O14K-1,Helicopter,NA,NA,129,USA,2017-05-18,2019-04-18,59.25329,-161.26376,0.72,Dillingham,Tigyukauivet Mt ,bedrock ,Lichen,Dillingham,Located on south side of 600 ft knob between mountain and Goodnews River. Small bench with outcrop on outside edge above creek. Excellent LZ,,,,
MRA-1,Road vehicle,NA,NA,-9999,USA,2018-10-18,2020-09-30,65.483305,-148.658208,1.5,Livengood,Minto Road 1,permafrost,"Black Spruce Forest, thick moss (>20 cm)",Livengood,NA,,,,
MRA-2,Road vehicle,NA,NA,-9999,USA,2018-10-18,2021-07-08,65.449811,-148.730488,1.5,Livengood,Minto Road 2,permafrost,"Black spruce and Birch Forest, little moss",Livengood,NA,,,,
MRA-3,Road vehicle,NA,NA,-9999,USA,2018-10-18,2021-07-08,65.302714,-148.161944,1.5,Livengood,Minto Road 3,permafrost,Tussock tundra,Livengood,NA,,,,
MRA-4,Road vehicle,NA,NA,-9999,USA,2018-10-18,2021-07-08,65.29665,-149.17632,1.5,Livengood,Minto Road 4,permafrost,"Black Spruce Forest, thick moss (>20 cm)",Livengood,NA,,,,
SHA-1,Road vehicle,NA,NA,277,USA,2018-10-12,2021-07-04,65.171203,-147.29108,1.5,Fairbanks Borough ,Steesy Hwy 1,NA,"Black spruce and Birch Forest, moss 10 cm, peat 20 cm. No Tussocks",Fairbanks,NA,,,,
SHA-2,Road vehicle,NA,NA,277,USA,2018-10-12,2019-07-30,65.171796,-147.290316,1.5,Fairbanks Borough ,Steesy Hwy 2,permafrost,"Black Spruce Forest, Tussocks, moss, cloud berry, permafrost ecountered at 60 cm",Fairbanks,NA,,,,
SHA-3,Road vehicle,NA,NA,277,USA,2018-10-12,2020-11-29,65.209122,-147.207102,1.5,Fairbanks Borough ,Steesy Hwy 3,"permafrost, gravel","Spruce-Willow Low Shrub, moss 15 cm, peat 15 cm, no Tussocks, gravel at 86 cm",Fairbanks,NA,,,,
SHA-4,Road vehicle,NA,NA,277,USA,2018-10-12,2021-07-04,65.209466,-147.20758,1.5,Fairbanks Borough ,Steesy Hwy 4,"permafrost, peat, mineral soil",White spruce forest with aspen and birch on a hill. Peat 5 cm. Moss 2 cm,Fairbanks,NA,,,,
WS1,Road vehicle,NA,NA,326,USA,2018-08-24,2021-03-12,67.197486,-150.277801,1.2,Coldfoot,Dalton Highway 1,NA,White spruce,Coldfoot,NA,,,,
WS2,Road vehicle,NA,NA,388,USA,2018-08-24,2021-06-12,66.980492,-150.323731,1.15,Coldfoot,Dalton Highway 2,NA,White spruce,Coldfoot,NA,,,,
WS3,Road vehicle,NA,NA,402,USA,2018-08-24,2021-06-10,66.952119,-150.405318,1.3,Coldfoot,Dalton Highway 3,NA,White spruce,Coldfoot,NA,,,,
